{"assets":23756.26999999996,"market":"A股(¥)","fbe":-1516.5603447825108,"beRatio":0.002726451392714889,"fbeRatio":-0.005218369473875472,"cash":314375.85,"value":-290619.58,"dayBe":1632.0273577174894,"capital":50000,"be":792.3601586412162}