{"assets":28361.77999999994,"market":"A股(¥)","fbe":-900.5556614999969,"beRatio":-0.005985606604605588,"fbeRatio":-0.004181048312288694,"cash":243751.69999999995,"value":-215389.92,"dayBe":2101.2965435000033,"capital":50000,"be":-1289.2393277174692}