{"assets":13322.909999999974,"market":"A股(¥)","fbe":-1490.4196197825133,"beRatio":-0.00587506726081082,"fbeRatio":-0.01372988718483823,"value":-108552.94,"cash":121875.84999999998,"capital":50000,"dayBe":10.506482717486762,"be":-637.7558238587613}