{"assets":13525.669999999984,"market":"A股(¥)","fbe":-450.277830750004,"beRatio":-0.005901032225869442,"fbeRatio":-0.0041557644920387216,"value":-108350.18,"cash":121875.84999999998,"capital":50000,"dayBe":1050.648271749996,"be":-639.3779038587546}