{"assets":436923.5,"market":"A股(¥)","fbe":-776.9073600000106,"beRatio":-8.519380066367441E-5,"fbeRatio":-0.0024170982961625484,"value":-321421.5,"cash":758345,"capital":50000,"dayBe":1812.7838399999894,"be":-27.383119200019223}