{"assets":15526.269999999975,"market":"A股(¥)","fbe":-1490.4196197825127,"beRatio":-0.008134827214635234,"fbeRatio":-0.01596600241567785,"cash":108875.84999999998,"value":-93349.58,"capital":15486.269999999975,"dayBe":1631.8430827174875,"be":-759.382703858769}