{"assets":-18133.000000000007,"market":"A股(¥)","fbe":0,"beRatio":0,"fbeRatio":0,"cash":-18133.000000000007,"value":0,"dayBe":1380.4479000000001,"capital":50000,"be":0}