{"assets":23840.26999999996,"market":"A股(¥)","fbe":-1516.5603447825238,"beRatio":0.0021778520921876274,"fbeRatio":-0.005761228572454087,"value":-263235.58,"cash":287075.85,"capital":50000,"dayBe":10.690757717476238,"be":573.2881586412236}