{"assets":11322.839999999982,"market":"A股(¥)","fbe":-450.277830750004,"beRatio":-0.005624046453902551,"fbeRatio":-0.004072958581136814,"cash":121875.84999999998,"value":-110553.01,"dayBe":1050.648271749996,"capital":10805.499999999985,"be":-621.7552638587532}