{"assets":-80584,"market":"A股(¥)","fbe":-599.5022100000092,"beRatio":0.004927367918114538,"fbeRatio":-9.185746134186619E-4,"value":-652644,"cash":572060,"capital":50000,"dayBe":1398.838489999991,"be":3215.8171075499445}