{"assets":31668.75999999995,"market":"A股(¥)","fbe":-900.5556614999973,"beRatio":-0.0062036822373241615,"fbeRatio":-0.004246242821322626,"value":-212082.94,"cash":243751.69999999995,"capital":10805.499999999985,"dayBe":2101.296543500003,"be":-1315.695167717486}