{"assets":14796.169999999984,"market":"A股(¥)","fbe":-450.2778307500038,"beRatio":-0.006065967920886263,"fbeRatio":-0.004205072622088558,"cash":121875.84999999998,"value":-107079.68,"dayBe":1050.6482717499962,"capital":50000,"be":-649.5419038587663}