{"assets":10805.499999999985,"market":"A股(¥)","fbe":-450.277830750004,"beRatio":-0.005560588796728912,"fbeRatio":-0.004053987682131226,"cash":121875.84999999998,"value":-111070.34999999999,"dayBe":1050.648271749996,"capital":10805.499999999985,"be":-617.6165438587591}