{"assets":15486.269999999975,"market":"A股(¥)","fbe":-1490.4196197825127,"beRatio":-0.006157207349241996,"fbeRatio":-0.014009075134825353,"cash":121875.84999999998,"value":-106389.58,"dayBe":1631.8430827174875,"capital":50000,"be":-655.0627038587693}