{"assets":9950.909999999974,"market":"A股(¥)","fbe":-1490.4196197825133,"beRatio":-0.005457048481408702,"fbeRatio":-0.013316242294009836,"value":-111924.94,"cash":121875.84999999998,"dayBe":1631.843082717487,"capital":16886.56,"be":-610.7798238587601}