{"600784":{"dilutedCost":20.04,"holdCost":13.08,"currentPrice":13.04,"code":"600784","fee":80,"holdMoney":26080,"holdSum":2000,"fbe":-79.44000000000183,"beRatio":-0.011078220858895742,"name":"鲁银投资","risefallRatio":-0.021755438859715,"fbeRatio":-0.0030460122699387205,"risefall":-0.2900000000000009,"be":-288.920000000001},"601169":{"dilutedCost":10.283795816568048,"holdCost":0,"currentPrice":13.09,"code":"601169","fee":1380.4479000000001,"holdMoney":0,"holdSum":0,"fbe":0,"beRatio":0,"name":"北京银行","risefallRatio":-0.020942408376963303,"fbeRatio":0,"risefall":-0.27999999999999936,"be":0}}